{"mean":{"confidence_interval":{"confidence_level":0.95,"lower_bound":-0.00048496180906808754,"upper_bound":0.0013248670202430912},"point_estimate":0.0003761331658644895,"standard_error":0.00046101698179881826},"median":{"confidence_interval":{"confidence_level":0.95,"lower_bound":-0.0006044458816221177,"upper_bound":0.0018412517044812393},"point_estimate":0.0009657371952715987,"standard_error":0.0006253149395576072}}