{"mean":{"confidence_interval":{"confidence_level":0.95,"lower_bound":1.6674089239934404,"upper_bound":1.67058381084156},"point_estimate":1.668936515365341,"standard_error":0.0008124901868333664},"median":{"confidence_interval":{"confidence_level":0.95,"lower_bound":1.6648186447783795,"upper_bound":1.6691592090690215},"point_estimate":1.6673948600423316,"standard_error":0.001216214068509203},"median_abs_dev":{"confidence_interval":{"confidence_level":0.95,"lower_bound":0.004621244920926495,"upper_bound":0.008039727989874089},"point_estimate":0.0063449375478987265,"standard_error":0.0008889490537325393},"slope":{"confidence_interval":{"confidence_level":0.95,"lower_bound":1.6679263298267317,"upper_bound":1.672206952076122},"point_estimate":1.6699762027914242,"standard_error":0.0010939630627202943},"std_dev":{"confidence_interval":{"confidence_level":0.95,"lower_bound":0.006357795350563429,"upper_bound":0.009824001765158526},"point_estimate":0.008132496266376812,"standard_error":0.0008904885276463818}}