{"mean":{"confidence_interval":{"confidence_level":0.95,"lower_bound":2.189874859473304,"upper_bound":2.2043979617715124},"point_estimate":2.196025211231366,"standard_error":0.003767944434173029},"median":{"confidence_interval":{"confidence_level":0.95,"lower_bound":2.184801289268605,"upper_bound":2.1907148928185087},"point_estimate":2.187748574708986,"standard_error":0.0014889774413037495},"median_abs_dev":{"confidence_interval":{"confidence_level":0.95,"lower_bound":0.005461015289547026,"upper_bound":0.012083658193425098},"point_estimate":0.008757792177157697,"standard_error":0.001693888297337615},"slope":{"confidence_interval":{"confidence_level":0.95,"lower_bound":2.1940011350994326,"upper_bound":2.2276159943858693},"point_estimate":2.2087368238678806,"standard_error":0.008723190102973354},"std_dev":{"confidence_interval":{"confidence_level":0.95,"lower_bound":0.00986608026338729,"upper_bound":0.059429607888562504},"point_estimate":0.03790343500010325,"standard_error":0.012846536153800433}}