{"mean":{"confidence_interval":{"confidence_level":0.95,"lower_bound":-0.23986510033925626,"upper_bound":-0.23800656983172225},"point_estimate":-0.23890790060419465,"standard_error":0.00047372516770476824},"median":{"confidence_interval":{"confidence_level":0.95,"lower_bound":-0.23978775271980957,"upper_bound":-0.23766759477190158},"point_estimate":-0.23888867272435355,"standard_error":0.0005408579663902618}}