{"mean":{"confidence_interval":{"confidence_level":0.95,"lower_bound":-0.19104979446154738,"upper_bound":-0.12569424262676654},"point_estimate":-0.16024125267533829,"standard_error":0.017089878341895424},"median":{"confidence_interval":{"confidence_level":0.95,"lower_bound":-0.22809957768788924,"upper_bound":-0.20681420581513754},"point_estimate":-0.21967860676729678,"standard_error":0.005948503607379662}}