{"mean":{"confidence_interval":{"confidence_level":0.95,"lower_bound":2.182988386386578,"upper_bound":2.185651549392371},"point_estimate":2.1841868169204632,"standard_error":0.000685572065729032},"median":{"confidence_interval":{"confidence_level":0.95,"lower_bound":2.1816347631658446,"upper_bound":2.1823304996249826},"point_estimate":2.1819599742333713,"standard_error":0.00016336374668832784},"median_abs_dev":{"confidence_interval":{"confidence_level":0.95,"lower_bound":0.0013550155996591682,"upper_bound":0.0025125191399869118},"point_estimate":0.001827800607267131,"standard_error":0.0003018480313627038},"slope":{"confidence_interval":{"confidence_level":0.95,"lower_bound":2.182062109056632,"upper_bound":2.183283712180176},"point_estimate":2.1826299359153043,"standard_error":0.00031120443918095195},"std_dev":{"confidence_interval":{"confidence_level":0.95,"lower_bound":0.0037983859580549705,"upper_bound":0.009952577223212094},"point_estimate":0.006857745589539672,"standard_error":0.0017317479893496047}}