{"mean":{"confidence_interval":{"confidence_level":0.95,"lower_bound":-0.0014918776707050856,"upper_bound":0.0011581985106101755},"point_estimate":-0.00011229466592144188,"standard_error":0.0006754565864759406},"median":{"confidence_interval":{"confidence_level":0.95,"lower_bound":-0.0017799423247464308,"upper_bound":0.0010679016922405804},"point_estimate":-0.0004803785745326472,"standard_error":0.0007409908069423163}}