{"mean":{"confidence_interval":{"confidence_level":0.95,"lower_bound":-0.0025973779984908487,"upper_bound":0.000916744094480903},"point_estimate":-0.0008104390398959715,"standard_error":0.0009008880295115711},"median":{"confidence_interval":{"confidence_level":0.95,"lower_bound":-0.001795241505665346,"upper_bound":0.0017050462954895096},"point_estimate":0.0004357356832007664,"standard_error":0.0008920082100032042}}