{"mean":{"confidence_interval":{"confidence_level":0.95,"lower_bound":-0.23993952883408054,"upper_bound":-0.23628867860984742},"point_estimate":-0.2380962740581365,"standard_error":0.0009207232120686243},"median":{"confidence_interval":{"confidence_level":0.95,"lower_bound":-0.23945439507704014,"upper_bound":-0.23718807668928044},"point_estimate":-0.23822365062490114,"standard_error":0.0005617221306060707}}