{"mean":{"confidence_interval":{"confidence_level":0.95,"lower_bound":-0.24867924446101614,"upper_bound":-0.23778759566267257},"point_estimate":-0.2418686687702839,"standard_error":0.003070787334950453},"median":{"confidence_interval":{"confidence_level":0.95,"lower_bound":-0.2396553509125765,"upper_bound":-0.23701340158295692},"point_estimate":-0.23815931399017976,"standard_error":0.0006700550537951091}}