{"mean":{"confidence_interval":{"confidence_level":0.95,"lower_bound":-0.001983797011932298,"upper_bound":0.0003589751442921058},"point_estimate":-0.0007857427019396512,"standard_error":0.0005957492602515134},"median":{"confidence_interval":{"confidence_level":0.95,"lower_bound":-0.0021024245395848684,"upper_bound":0.0011156452596374766},"point_estimate":-0.0010053429905828581,"standard_error":0.0008507911435476963}}